{
    "sizes": [
        {
            "slug": "512mb",
            "memory": 512,
            "vcpus": 1,
            "disk": 20,
            "transfer": 1,
            "price_monthly": 5,
            "price_hourly": 0.007439999841153622,
            "regions": [
                "ams2",
                "ams3",
                "blr1",
                "fra1",
                "lon1",
                "nyc1",
                "nyc2",
                "nyc3",
                "sfo1",
                "sfo2",
                "sgp1",
                "tor1"
            ],
            "available": true
        },
        {
            "slug": "s-1vcpu-1gb",
            "memory": 1024,
            "vcpus": 1,
            "disk": 25,
            "transfer": 1,
            "price_monthly": 5,
            "price_hourly": 0.007439999841153622,
            "regions": [
                "ams2",
                "ams3",
                "blr1",
                "fra1",
                "lon1",
                "nyc1",
                "nyc2",
                "nyc3",
                "sfo1",
                "sfo2",
                "sgp1",
                "tor1"
            ],
            "available": true
        },
        {
            "slug": "1gb",
            "memory": 1024,
            "vcpus": 1,
            "disk": 30,
            "transfer": 2,
            "price_monthly": 10,
            "price_hourly": 0.01487999968230724,
            "regions": [
                "ams2",
                "ams3",
                "blr1",
                "fra1",
                "lon1",
                "nyc1",
                "nyc2",
                "nyc3",
                "sfo1",
                "sfo2",
                "sgp1",
                "tor1"
            ],
            "available": true
        },
        {
            "slug": "s-1vcpu-2gb",
            "memory": 2048,
            "vcpus": 1,
            "disk": 50,
            "transfer": 2,
            "price_monthly": 10,
            "price_hourly": 0.01487999968230724,
            "regions": [
                "ams2",
                "ams3",
                "blr1",
                "fra1",
                "lon1",
                "nyc1",
                "nyc2",
                "nyc3",
                "sfo1",
                "sfo2",
                "sgp1",
                "tor1"
            ],
            "available": true
        },
        {
            "slug": "s-1vcpu-3gb",
            "memory": 3072,
            "vcpus": 1,
            "disk": 60,
            "transfer": 3,
            "price_monthly": 15,
            "price_hourly": 0.02232000045478344,
            "regions": [
                "ams2",
                "ams3",
                "blr1",
                "fra1",
                "lon1",
                "nyc1",
                "nyc2",
                "nyc3",
                "sfo1",
                "sfo2",
                "sgp1",
                "tor1"
            ],
            "available": true
        },
        {
            "slug": "s-2vcpu-2gb",
            "memory": 2048,
            "vcpus": 2,
            "disk": 60,
            "transfer": 3,
            "price_monthly": 15,
            "price_hourly": 0.02232000045478344,
            "regions": [
                "ams2",
                "ams3",
                "blr1",
                "fra1",
                "lon1",
                "nyc1",
                "nyc2",
                "nyc3",
                "sfo1",
                "sfo2",
                "sgp1",
                "tor1"
            ],
            "available": true
        },
        {
            "slug": "s-3vcpu-1gb",
            "memory": 1024,
            "vcpus": 3,
            "disk": 60,
            "transfer": 3,
            "price_monthly": 15,
            "price_hourly": 0.02232000045478344,
            "regions": [
                "ams2",
                "ams3",
                "blr1",
                "fra1",
                "lon1",
                "nyc1",
                "nyc2",
                "nyc3",
                "sfo1",
                "sfo2",
                "sgp1",
                "tor1"
            ],
            "available": true
        },
        {
            "slug": "2gb",
            "memory": 2048,
            "vcpus": 2,
            "disk": 40,
            "transfer": 3,
            "price_monthly": 20,
            "price_hourly": 0.02975999936461449,
            "regions": [
                "ams2",
                "ams3",
                "blr1",
                "fra1",
                "lon1",
                "nyc1",
                "nyc2",
                "nyc3",
                "sfo1",
                "sfo2",
                "sgp1",
                "tor1"
            ],
            "available": true
        },
        {
            "slug": "s-2vcpu-4gb",
            "memory": 4096,
            "vcpus": 2,
            "disk": 80,
            "transfer": 4,
            "price_monthly": 20,
            "price_hourly": 0.02975999936461449,
            "regions": [
                "ams2",
                "ams3",
                "blr1",
                "fra1",
                "lon1",
                "nyc1",
                "nyc2",
                "nyc3",
                "sfo1",
                "sfo2",
                "sgp1",
                "tor1"
            ],
            "available": true
        },
        {
            "slug": "4gb",
            "memory": 4096,
            "vcpus": 2,
            "disk": 60,
            "transfer": 4,
            "price_monthly": 40,
            "price_hourly": 0.05951999872922897,
            "regions": [
                "ams2",
                "ams3",
                "blr1",
                "fra1",
                "lon1",
                "nyc1",
                "nyc2",
                "nyc3",
                "sfo1",
                "sfo2",
                "sgp1",
                "tor1"
            ],
            "available": true
        },
        {
            "slug": "c-2",
            "memory": 4096,
            "vcpus": 2,
            "disk": 25,
            "transfer": 4,
            "price_monthly": 40,
            "price_hourly": 0.05999999865889549,
            "regions": [
                "ams3",
                "blr1",
                "fra1",
                "lon1",
                "nyc1",
                "nyc3",
                "sfo2",
                "sgp1",
                "tor1"
            ],
            "available": true
        },
        {
            "slug": "m-1vcpu-8gb",
            "memory": 8192,
            "vcpus": 1,
            "disk": 40,
            "transfer": 5,
            "price_monthly": 40,
            "price_hourly": 0.0595237985253334,
            "regions": [
                "ams2",
                "ams3",
                "blr1",
                "lon1",
                "nyc1",
                "nyc2",
                "nyc3",
                "sfo1",
                "sfo2",
                "tor1"
            ],
            "available": true
        },
        {
            "slug": "s-4vcpu-8gb",
            "memory": 8192,
            "vcpus": 4,
            "disk": 160,
            "transfer": 5,
            "price_monthly": 40,
            "price_hourly": 0.05951999872922897,
            "regions": [
                "ams2",
                "ams3",
                "blr1",
                "fra1",
                "lon1",
                "nyc1",
                "nyc2",
                "nyc3",
                "sfo1",
                "sfo2",
                "sgp1",
                "tor1"
            ],
            "available": true
        },
        {
            "slug": "g-2vcpu-8gb",
            "memory": 8192,
            "vcpus": 2,
            "disk": 25,
            "transfer": 4,
            "price_monthly": 60,
            "price_hourly": 0.0892857015132904,
            "regions": [
                "ams3",
                "fra1",
                "lon1",
                "nyc1",
                "nyc3",
                "sfo2",
                "sgp1"
            ],
            "available": true
        },
        {
            "slug": "gd-2vcpu-8gb",
            "memory": 8192,
            "vcpus": 2,
            "disk": 50,
            "transfer": 4,
            "price_monthly": 65,
            "price_hourly": 0.0967262014746666,
            "regions": [
                "ams3",
                "fra1",
                "lon1",
                "nyc3",
                "sfo2",
                "sgp1"
            ],
            "available": true
        },
        {
            "slug": "m-16gb",
            "memory": 16384,
            "vcpus": 2,
            "disk": 60,
            "transfer": 5,
            "price_monthly": 75,
            "price_hourly": 0.1116070002317429,
            "regions": [
                "ams2",
                "ams3",
                "blr1",
                "lon1",
                "nyc1",
                "nyc2",
                "nyc3",
                "sfo1",
                "sfo2",
                "sgp1",
                "tor1"
            ],
            "available": false
        },
        {
            "slug": "8gb",
            "memory": 8192,
            "vcpus": 4,
            "disk": 80,
            "transfer": 5,
            "price_monthly": 80,
            "price_hourly": 0.1190500035881996,
            "regions": [
                "ams2",
                "ams3",
                "blr1",
                "fra1",
                "lon1",
                "nyc1",
                "nyc2",
                "nyc3",
                "sfo1",
                "sfo2",
                "sgp1",
                "tor1"
            ],
            "available": true
        },
        {
            "slug": "c-4",
            "memory": 8192,
            "vcpus": 4,
            "disk": 50,
            "transfer": 5,
            "price_monthly": 80,
            "price_hourly": 0.1190000027418137,
            "regions": [
                "ams3",
                "blr1",
                "fra1",
                "lon1",
                "nyc1",
                "nyc3",
                "sfo2",
                "sgp1",
                "tor1"
            ],
            "available": true
        },
        {
            "slug": "s-6vcpu-16gb",
            "memory": 16384,
            "vcpus": 6,
            "disk": 320,
            "transfer": 6,
            "price_monthly": 80,
            "price_hourly": 0.1190500035881996,
            "regions": [
                "ams2",
                "ams3",
                "blr1",
                "fra1",
                "lon1",
                "nyc1",
                "nyc2",
                "nyc3",
                "sfo1",
                "sfo2",
                "sgp1",
                "tor1"
            ],
            "available": true
        },
        {
            "slug": "m-2vcpu-16gb",
            "memory": 16384,
            "vcpus": 2,
            "disk": 50,
            "transfer": 4,
            "price_monthly": 90,
            "price_hourly": 0.1339289993047714,
            "regions": [
                "ams3",
                "nyc1",
                "nyc3",
                "sfo2",
                "sgp1"
            ],
            "available": true
        }
    ],
    "links": {
        "pages": {
            "last": "https://api.digitalocean.com/v2/sizes?page=2",
            "next": "https://api.digitalocean.com/v2/sizes?page=2"
        }
    },
    "meta": {
        "total": 36
    }
}