{
    "offset": 0,
    "limit": 50,
    "count": 2,
    "resource_count": 2,
    "first": "https://globalcatalog.cloud.ibm.com/api/v1/2ad019f3-0fd6-4c25-966d-f3952481a870/%2A?languages=en-US%2Cen%3Bq%3D0.9%2Cur%3Bq%3D0.8",
    "resources": [
        {
            "active": true,
            "catalog_crn": "crn:v1:bluemix:public:globalcatalog::::plan:967ba182-c6e0-4adc-92ef-661a822cc1d7",
            "children_url": "https://globalcatalog.cloud.ibm.com/api/v1/967ba182-c6e0-4adc-92ef-661a822cc1d7/%2A",
            "created": "2018-09-10T19:47:05.255Z",
            "disabled": false,
            "geo_tags": [
                "us-south"
            ],
            "id": "967ba182-c6e0-4adc-92ef-661a822cc1d7",
            "images": {
                "feature_image": "https://aiopenscale-broker-ys1prod.stage1.mybluemix.net/public/featured.png",
                "image": "https://aiopenscale-broker-ys1prod.stage1.mybluemix.net/public/featured.png",
                "medium_image": "https://aiopenscale-broker-ys1prod.stage1.mybluemix.net/public/featured.png",
                "small_image": "https://aiopenscale-broker-ys1prod.stage1.mybluemix.net/public/featured.png"
            },
            "kind": "plan",
            "metadata": {
                "rc_compatible": false
            },
            "name": "lite",
            "overview_ui": {
                "en": {
                    "description": "The Watson OpenScale Lite Plan offers everything you need to begin your journey to deploying trusted AI across your business, including access to explainability, bias detection and mitigation, and automated AI capabilities.",
                    "display_name": "Lite",
                    "long_description": "The Watson OpenScale Lite Plan offers everything you need to begin your journey to deploying trusted AI across your business, including access to explainability, bias detection and mitigation, and automated AI capabilities."
                }
            },
            "parent_id": "2ad019f3-0fd6-4c25-966d-f3952481a870",
            "parent_url": "https://globalcatalog.cloud.ibm.com/api/v1/2ad019f3-0fd6-4c25-966d-f3952481a870",
            "pricing_tags": [
                "allow_internal_users",
                "free",
                "lite"
            ],
            "provider": {
                "email": "aiosdev@us.ibm.com",
                "name": "IBM"
            },
            "tags": [
                "apidocs_enabled",
                "ibm_created",
                "lite",
                "rc_compatible",
                "watson"
            ],
            "updated": "2019-06-20T20:24:43.697Z",
            "url": "https://globalcatalog.cloud.ibm.com/api/v1/967ba182-c6e0-4adc-92ef-661a822cc1d7?languages=en-US%2Cen%3Bq%3D0.9%2Cur%3Bq%3D0.8",
            "visibility": {
                "restrictions": "public"
            }
        },
        {
            "active": true,
            "catalog_crn": "crn:v1:bluemix:public:globalcatalog::::plan:ba0d185f-b0e3-421f-aea4-15b305136e52",
            "children_url": "https://globalcatalog.cloud.ibm.com/api/v1/ba0d185f-b0e3-421f-aea4-15b305136e52/%2A",
            "created": "2018-08-31T22:57:50.505Z",
            "disabled": false,
            "geo_tags": [
                "us-south"
            ],
            "id": "ba0d185f-b0e3-421f-aea4-15b305136e52",
            "images": {
                "feature_image": "https://aiopenscale-broker-ys1prod.stage1.mybluemix.net/public/featured.png",
                "image": "https://aiopenscale-broker-ys1prod.stage1.mybluemix.net/public/featured.png",
                "medium_image": "https://aiopenscale-broker-ys1prod.stage1.mybluemix.net/public/featured.png",
                "small_image": "https://aiopenscale-broker-ys1prod.stage1.mybluemix.net/public/featured.png"
            },
            "kind": "plan",
            "metadata": {
                "rc_compatible": false
            },
            "name": "standard",
            "overview_ui": {
                "en": {
                    "description": "The Watson OpenScale Standard Plan will help accelerate your adoption of AI by building confidence in its outcomes and scaling it across your business. You'll have full access to OpenScale's capabilities, with pricing based on consumption.",
                    "display_name": "Standard",
                    "long_description": "The Watson OpenScale Standard Plan will help accelerate your adoption of AI by building confidence in its outcomes and scaling it across your business. You'll have full access to OpenScale's capabilities, with pricing based on consumption."
                }
            },
            "parent_id": "2ad019f3-0fd6-4c25-966d-f3952481a870",
            "parent_url": "https://globalcatalog.cloud.ibm.com/api/v1/2ad019f3-0fd6-4c25-966d-f3952481a870",
            "pricing_tags": [
                "allow_internal_users",
                "paid",
                "paid_only"
            ],
            "provider": {
                "email": "aiosprod@us.ibm.com",
                "name": "IBM"
            },
            "tags": [
                "apidocs_enabled",
                "ibm_created",
                "lite",
                "rc_compatible",
                "watson"
            ],
            "updated": "2019-05-31T19:21:28.255Z",
            "url": "https://globalcatalog.cloud.ibm.com/api/v1/ba0d185f-b0e3-421f-aea4-15b305136e52?languages=en-US%2Cen%3Bq%3D0.9%2Cur%3Bq%3D0.8",
            "visibility": {
                "restrictions": "public"
            }
        }
    ]
}