{
    "offset": 0,
    "limit": 50,
    "count": 2,
    "resource_count": 2,
    "first": "https://globalcatalog.cloud.ibm.com/api/v1/30303041-5247-4f4e-5445-5354315f3031/%2A?languages=en-US%2Cen%3Bq%3D0.9%2Cur%3Bq%3D0.8",
    "resources": [
        {
            "active": true,
            "catalog_crn": "crn:v1:bluemix:public:globalcatalog::::plan:plan-id-OBAT_TRIAL301",
            "children_url": "https://globalcatalog.cloud.ibm.com/api/v1/plan-id-OBAT_TRIAL301/%2A",
            "created": "2018-08-27T06:19:01.826Z",
            "disabled": false,
            "geo_tags": [
                "global"
            ],
            "id": "plan-id-OBAT_TRIAL301",
            "images": {
                "feature_image": "http://ibm-design-language.mybluemix.net/design/assets/language/images/framework/visual/iconography/app-external.svg",
                "image": "http://ibm-design-language.mybluemix.net/design/assets/language/images/framework/visual/iconography/app-external.svg",
                "medium_image": "http://ibm-design-language.mybluemix.net/design/assets/language/images/framework/visual/iconography/app-external.svg",
                "small_image": "http://ibm-design-language.mybluemix.net/design/assets/language/images/framework/visual/iconography/app-external.svg"
            },
            "kind": "plan",
            "metadata": {
                "rc_compatible": false
            },
            "name": "obat_trial301",
            "overview_ui": {
                "en": {
                    "description": "plan-OBAT_TRIAL301",
                    "display_name": "plan-OBAT_TRIAL301",
                    "long_description": "plan-OBAT_TRIAL301"
                }
            },
            "parent_id": "30303041-5247-4f4e-5445-5354315f3031",
            "parent_url": "https://globalcatalog.cloud.ibm.com/api/v1/30303041-5247-4f4e-5445-5354315f3031",
            "pricing_tags": [
                "subscription"
            ],
            "provider": {
                "contact": "ssmprov@us.ibm.com",
                "email": "ssmprov@us.ibm.com",
                "name": "IBM"
            },
            "tags": [
                "marketplace",
                "saas",
                "ssm"
            ],
            "updated": "2019-03-20T13:31:00.163Z",
            "url": "https://globalcatalog.cloud.ibm.com/api/v1/plan-id-OBAT_TRIAL301?languages=en-US%2Cen%3Bq%3D0.9%2Cur%3Bq%3D0.8",
            "visibility": {
                "restrictions": "public"
            }
        },
        {
            "active": true,
            "catalog_crn": "crn:v1:bluemix:public:globalcatalog::::plan:plan-id-OBAT_TRIAL302",
            "children_url": "https://globalcatalog.cloud.ibm.com/api/v1/plan-id-OBAT_TRIAL302/%2A",
            "created": "2018-08-27T11:32:19.068Z",
            "disabled": false,
            "geo_tags": [
                "global"
            ],
            "id": "plan-id-OBAT_TRIAL302",
            "images": {
                "feature_image": "http://ibm-design-language.mybluemix.net/design/assets/language/images/framework/visual/iconography/app-external.svg",
                "image": "http://ibm-design-language.mybluemix.net/design/assets/language/images/framework/visual/iconography/app-external.svg",
                "medium_image": "http://ibm-design-language.mybluemix.net/design/assets/language/images/framework/visual/iconography/app-external.svg",
                "small_image": "http://ibm-design-language.mybluemix.net/design/assets/language/images/framework/visual/iconography/app-external.svg"
            },
            "kind": "plan",
            "metadata": {
                "rc_compatible": false
            },
            "name": "obat_trial302",
            "overview_ui": {
                "en": {
                    "description": "plan-OBAT_TRIAL302",
                    "display_name": "plan-OBAT_TRIAL302",
                    "long_description": "plan-OBAT_TRIAL302"
                }
            },
            "parent_id": "30303041-5247-4f4e-5445-5354315f3031",
            "parent_url": "https://globalcatalog.cloud.ibm.com/api/v1/30303041-5247-4f4e-5445-5354315f3031",
            "pricing_tags": [
                "subscription"
            ],
            "provider": {
                "contact": "ssmprov@us.ibm.com",
                "email": "ssmprov@us.ibm.com",
                "name": "IBM"
            },
            "tags": [
                "marketplace",
                "saas",
                "ssm"
            ],
            "updated": "2019-03-20T13:31:01.759Z",
            "url": "https://globalcatalog.cloud.ibm.com/api/v1/plan-id-OBAT_TRIAL302?languages=en-US%2Cen%3Bq%3D0.9%2Cur%3Bq%3D0.8",
            "visibility": {
                "restrictions": "public"
            }
        }
    ]
}